{
    "authors": [
        {
            "email": null, 
            "url": "https://os.mbed.com/users/ianmcc/", 
            "maintainer": false, 
            "name": "Ian McCulloch"
        }
    ], 
    "description": "nRF24L01 driver", 
    "examples": [
        "https://os.mbed.com/users/Andthen/code/Nucleo_IOT1/", 
        "https://os.mbed.com/teams/Flying-Monkeys/code/wireless/"
    ], 
    "frameworks": [
        "mbed"
    ], 
    "keywords": [
        "nrf24l01"
    ], 
    "name": "nRF24L01", 
    "platforms": [
        "atmelsam", 
        "freescalekinetis", 
        "maxim32", 
        "nordicnrf51", 
        "nordicnrf52", 
        "nxplpc", 
        "siliconlabsefm32", 
        "ststm32", 
        "teensy", 
        "wiznet7500"
    ], 
    "repository": {
        "type": "hg", 
        "url": "https://os.mbed.com/users/ianmcc/code/nRF24L01/"
    }, 
    "version": "952996e3ab", 
    "id": 2583
}